shipping_cost,package_weight
21854.31,4.473
47782.14,10.119
37939.73,7.873
31939.63,6.215
12020.84,2.135
12019.75,2.552
7613.76,1.127
43977.93,9.345
32050.18,6.764
36863.27,7.232
5926.3,0.671
48645.94,10.135
42459.92,8.458
14555.26,3.282
13182.12,2.158
13253.2,2.471
18690.9,3.74
28614.04,5.737
24437.53,4.752
18105.31,3.808
32533.38,6.186
11277.22,2.213
18146.51,3.665
21486.28,4.452
25523.15,5.318
40332.92,7.729
13985.32,2.337
28140.55,6.011
31658.66,6.431
7090.27,1.194
32339.52,6.933
12673.59,2.569
7927.32,1.939
47699.85,9.56
48453.44,10.309
41377.88,8.802
18707.62,3.667
9395.25,2.171
35790.49,7.352
24806.86,5.372
10491.72,1.809
27282.96,5.662
6547.48,1.627
45919.42,8.656
16645.1,2.974
34813.5,6.351
19027.0,3.725
28403.06,5.896
29601.96,6.371
13318.45,2.686
48631.31,10.215
39880.98,7.562
47277.45,8.944
45267.23,9.037
31905.5,6.496
46484.34,9.287
8982.16,1.176
13819.23,2.737
7035.23,1.016
19639.86,4.129
22490.48,4.608
17210.71,3.16
42293.19,8.304
21053.9,3.893
17642.05,3.51
29421.32,6.171
11341.59,1.973
41098.86,8.371
8354.78,1.512
49409.91,9.644
39751.01,7.918
13942.21,2.478
5248.5,0.884
41695.76,7.98
36808.58,7.951
37805.32,7.572
39707.17,7.732
8332.01,1.731
21130.96,4.192
10214.11,1.977
43839.65,8.952
33048.42,6.837
19890.41,3.819
7860.13,1.399
18994.2,3.716
19633.25,3.236
37832.28,7.112
33690.09,7.148
44924.57,9.478
26249.67,5.175
10381.74,2.249
37096.02,7.513
39235.33,8.771
30257.47,6.387
39693.52,7.9
27220.8,5.157
28522.98,5.223
24239.35,4.909
6143.86,1.002
9855.11,1.544
6414.31,1.089
33638.47,6.403
19146.02,4.335
27885.68,5.842
45840.49,9.166
16218.15,3.688
23467.23,4.717
38999.8,7.542
15295.92,3.516
8464.1,1.854
18038.82,3.297
12254.96,2.394
46836.39,9.105
41365.42,7.858
33503.17,6.978
44215.73,9.416
41165.24,7.813
13395.65,2.848
45165.15,8.838
29270.4,5.708
41334.81,8.089
45324.11,8.806
19310.16,3.877
9952.34,1.741
15257.08,3.133
24219.85,4.829
41810.66,8.29
43732.88,8.474
5312.85,0.89
27983.63,5.823
23783.5,4.907
14994.85,2.706
10393.94,2.109
20192.68,4.264
47430.94,8.985
19544.13,4.072
28345.58,5.47
36635.85,7.498
21363.33,4.044
48730.19,9.205
48310.13,9.174
16330.2,3.28
27376.18,5.553
18539.52,3.437
17817.82,3.755
6659.91,0.834
32430.4,6.466
27620.56,5.161
7316.54,1.268
17539.09,3.522
45871.96,8.916
15780.29,3.041
11520.27,2.606
27025.37,5.232
49354.27,10.122
15892.49,2.84
35246.1,7.208
39272.88,8.287
15693.69,2.397
37769.74,7.315
21550.24,4.483
33453.76,6.63
33508.84,6.813
29109.86,5.641
9063.04,1.839
42588.61,8.471
19435.1,4.237
13393.33,2.755
6834.88,1.468
31590.18,6.194
35490.4,6.952
5746.45,1.02
28044.19,5.727
15192.31,2.912
34032.78,6.893
12846.49,3.192
36092.2,7.48
22403.09,4.383
47152.85,9.791
11188.44,2.115
20347.99,3.458
10106.31,1.719
46611.21,8.761
44480.27,8.791
16607.37,3.327
34699.28,7.443
41775.0,8.453
29984.04,5.931
28834.28,6.016
15883.35,2.513
9189.62,1.909
45374.71,9.306
45518.81,8.66
33489.57,7.041
20256.34,4.153
20714.43,4.018
37668.01,7.723
45369.96,9.755
44918.89,9.038
40094.4,8.093
33891.42,6.64
8786.3,1.502
12273.29,2.704
45434.94,8.83
32289.31,6.479
5413.87,0.939
9566.22,2.057
34857.58,7.072
5227.77,1.357
12236.36,2.294
29693.02,5.858
36135.28,6.933
34338.26,6.734
15092.12,3.132
37048.06,7.637
15676.21,2.859
19642.99,4.189
38592.11,8.125
34233.48,6.971
43215.05,9.206
34592.58,6.686
30573.89,5.741
9215.36,1.309
21547.21,4.758
16934.11,3.583
15979.53,3.179
48785.47,9.841
22689.4,4.2
45142.09,9.762
33401.24,6.719
40766.51,8.186
27618.67,5.741
30960.67,6.336
27163.3,5.5
13785.93,2.52
37510.35,7.644
17634.76,4.092
6094.22,1.622
34046.25,7.287
12969.98,2.441
47320.64,9.167
47926.79,9.548
46168.9,9.25
21657.14,4.66
5695.55,0.631
46774.34,9.814
24268.29,4.806
48499.47,9.572
48362.9,9.369
43385.43,8.181
18250.2,3.897
22329.4,4.488
43301.15,8.273
19261.49,3.464
12627.17,2.425
30056.06,6.512
47126.96,9.348
36321.34,6.813
30652.75,6.057
9372.94,1.793
32675.33,5.726
49552.42,9.894
11303.78,2.191
28324.83,5.874
44481.79,9.451
38334.59,8.005
36365.71,7.192
36611.78,6.99
21177.1,5.007
18211.63,3.66
41421.25,8.288
41455.1,8.284
44018.25,8.863
46095.82,9.176
28010.41,5.43
27568.23,5.35
40923.28,8.175
34248.38,6.687
36588.51,7.104
40810.67,8.194
45050.24,8.934
20209.78,4.493
21901.23,3.585
9229.19,2.173
31022.61,6.578
6617.4,0.701
25951.91,5.088
29419.01,5.772
17894.36,3.157
31587.5,6.084
6372.51,0.941
6680.67,1.862
42017.03,8.684
21208.58,4.623
10717.72,2.36
28500.95,5.361
39649.71,7.773
14711.95,3.089
33030.07,6.239
8840.64,1.982
7325.68,1.393
28910.96,5.67
29328.58,6.079
33684.35,6.87
37674.11,7.427
48913.34,10.13
28233.52,5.322
19533.04,4.091
40783.38,8.335
17187.45,3.345
24753.71,5.049
8530.54,1.331
6140.78,1.505
48319.18,9.608
42619.11,8.367
36318.84,7.578
23402.88,4.469
12798.24,2.137
12039.67,1.941
16260.93,3.434
29715.2,5.559
37156.82,7.958
34708.88,6.317
17597.03,4.028
47968.94,9.657
38205.36,7.612
29945.93,5.826
32527.43,6.625
23882.0,4.765
16147.89,3.561
21018.77,4.238
39103.07,7.866
5647.71,1.02
10223.27,2.028
7070.12,1.506
6832.8,0.854
43495.73,8.295
36664.6,7.556
26337.82,5.319
9402.54,1.825
27122.71,5.43
26306.23,5.366
12794.08,2.397
24523.32,4.671
22932.71,4.645
32713.25,6.249
33579.21,6.838
7038.68,0.897
21857.57,4.68
33163.7,6.775
27641.13,5.605
43542.04,9.003
34641.21,7.428
12332.05,2.771
8175.59,1.083
33908.87,6.398
6193.01,1.051
31359.9,6.28
47310.36,9.617
30896.34,5.962
22467.65,4.55
33947.97,6.563
25621.38,4.941
29552.76,5.489
47365.92,9.196
22374.62,4.069
48253.58,9.358
45740.78,9.464
13810.6,2.477
8121.26,2.414
9535.01,2.055
5819.98,1.219
9249.93,1.592
35735.3,7.357
8203.49,1.468
19353.9,3.907
43019.39,9.372
6047.24,1.181
41651.08,8.675
17683.46,3.326
10317.42,2.053
36353.17,7.802
33302.43,6.472
44486.24,9.441
38078.2,7.828
41156.64,8.063
17691.56,3.728
12984.78,2.889
38777.66,7.942
41307.56,7.79
49572.73,9.696
23567.8,4.639
21740.81,4.326
39938.58,8.174
20336.16,4.121
46884.08,8.976
43628.57,8.84
24304.73,5.044
38789.2,7.926
38954.43,8.115
9640.57,2.178
45614.88,9.261
27736.36,5.526
42190.59,7.94
19402.23,4.009
45298.55,9.122
22514.08,4.584
5487.69,0.715
45742.19,8.824
9107.9,2.138
19369.11,3.862
47752.79,9.755
47777.32,9.564
30804.7,6.17
33432.67,6.968
25180.05,4.881
18194.48,3.668
19789.9,3.819
35263.33,6.922
38856.85,7.679
40621.06,8.191
40532.82,7.963
9104.27,2.198
27248.91,5.181
7590.14,1.462
29728.8,5.814
24868.87,5.408
44946.69,9.048
20791.18,4.468
10268.02,1.608
11434.63,2.367
39267.98,8.12
32819.81,6.589
9550.52,2.23
8784.81,1.602
36543.61,7.732
8274.34,2.345
41983.7,8.288
36780.9,7.223
8660.7,2.168
8817.7,2.237
49398.78,9.723
21842.19,4.242
21678.9,4.251
41575.98,7.912
47626.19,9.25
49370.05,9.573
38902.02,7.55
21931.68,4.376
8757.53,1.822
39971.61,8.459
30128.19,5.726
24089.99,5.113
45785.95,9.093
10003.89,1.986
27168.13,5.636
5510.91,0.765
26089.73,5.333
7533.65,1.557
10346.81,2.217
10288.68,2.144
34214.46,7.579
38572.02,7.523
31251.59,6.091
48297.76,9.473
21869.18,4.207
17857.04,3.38
44086.96,9.174
15061.81,3.439
48345.01,9.498
5546.95,0.86
48644.55,9.87
6942.2,1.223
45101.44,9.21
28746.55,5.81
49683.42,9.482
8320.85,2.128
29923.44,6.523
48618.61,9.54
28539.4,5.592
33322.94,6.75
36308.69,7.362
25454.35,5.288
33240.11,7.251
31294.14,6.206
45552.11,8.871
7045.09,0.995
17643.34,3.309
47768.52,9.544
45061.87,9.551
25504.55,4.946
32905.97,6.648
17482.15,3.492
13465.45,3.05
25866.43,5.931
20900.85,4.021
31264.53,6.106
8498.06,2.013
48847.77,9.974
49379.48,10.43
